<?xml version="1.0" encoding="UTF-8"?>
<!DOCTYPE mapper PUBLIC "-//mybatis.org//DTD Mapper 3.0//EN" "http://mybatis.org/dtd/mybatis-3-mapper.dtd">
<mapper namespace="com.gjt.chat.dao.mapper.ChatUsergroupchatMapper">
  <resultMap id="BaseResultMap" type="com.gjt.chat.entity.ChatUsergroupchat">
    <id column="id" jdbcType="INTEGER" property="id" />
    <result column="userId" jdbcType="VARCHAR" property="userid" />
    <result column="created_at" jdbcType="TIMESTAMP" property="createdAt" />
    <result column="updated_at" jdbcType="TIMESTAMP" property="updatedAt" />
    <result column="groupId" jdbcType="INTEGER" property="groupid" />
  </resultMap>
  <sql id="Base_Column_List">
    id, userId, created_at, updated_at, groupId
  </sql>
  <select id="selectByPrimaryKey" parameterType="java.lang.Integer" resultMap="BaseResultMap">
    select 
    <include refid="Base_Column_List" />
    from chat_usergroupchat
    where id = #{id,jdbcType=INTEGER}
  </select>
  <delete id="deleteByPrimaryKey" parameterType="java.lang.Integer">
    delete from chat_usergroupchat
    where id = #{id,jdbcType=INTEGER}
  </delete>
  <insert id="insert" parameterType="com.gjt.chat.entity.ChatUsergroupchat">
    <selectKey keyProperty="id" order="AFTER" resultType="java.lang.Integer">
      SELECT LAST_INSERT_ID()
    </selectKey>
    insert into chat_usergroupchat (userId, created_at, updated_at, 
      groupId)
    values (#{userid,jdbcType=VARCHAR}, #{createdAt,jdbcType=TIMESTAMP}, #{updatedAt,jdbcType=TIMESTAMP}, 
      #{groupid,jdbcType=INTEGER})
  </insert>
  <insert id="insertSelective" parameterType="com.gjt.chat.entity.ChatUsergroupchat">
    <selectKey keyProperty="id" order="AFTER" resultType="java.lang.Integer">
      SELECT LAST_INSERT_ID()
    </selectKey>
    insert into chat_usergroupchat
    <trim prefix="(" suffix=")" suffixOverrides=",">
      <if test="userid != null">
        userId,
      </if>
      <if test="createdAt != null">
        created_at,
      </if>
      <if test="updatedAt != null">
        updated_at,
      </if>
      <if test="groupid != null">
        groupId,
      </if>
    </trim>
    <trim prefix="values (" suffix=")" suffixOverrides=",">
      <if test="userid != null">
        #{userid,jdbcType=VARCHAR},
      </if>
      <if test="createdAt != null">
        #{createdAt,jdbcType=TIMESTAMP},
      </if>
      <if test="updatedAt != null">
        #{updatedAt,jdbcType=TIMESTAMP},
      </if>
      <if test="groupid != null">
        #{groupid,jdbcType=INTEGER},
      </if>
    </trim>
  </insert>
  <update id="updateByPrimaryKeySelective" parameterType="com.gjt.chat.entity.ChatUsergroupchat">
    update chat_usergroupchat
    <set>
      <if test="userid != null">
        userId = #{userid,jdbcType=VARCHAR},
      </if>
      <if test="createdAt != null">
        created_at = #{createdAt,jdbcType=TIMESTAMP},
      </if>
      <if test="updatedAt != null">
        updated_at = #{updatedAt,jdbcType=TIMESTAMP},
      </if>
      <if test="groupid != null">
        groupId = #{groupid,jdbcType=INTEGER},
      </if>
    </set>
    where id = #{id,jdbcType=INTEGER}
  </update>
  <update id="updateByPrimaryKey" parameterType="com.gjt.chat.entity.ChatUsergroupchat">
    update chat_usergroupchat
    set userId = #{userid,jdbcType=VARCHAR},
      created_at = #{createdAt,jdbcType=TIMESTAMP},
      updated_at = #{updatedAt,jdbcType=TIMESTAMP},
      groupId = #{groupid,jdbcType=INTEGER}
    where id = #{id,jdbcType=INTEGER}
  </update>
  <resultMap id="BaseResultMap" type="com.gjt.chat.entity.ChatUsergroupchat">
    <id column="id" jdbcType="INTEGER" property="id" />
    <result column="userId" jdbcType="VARCHAR" property="userid" />
    <result column="created_at" jdbcType="TIMESTAMP" property="createdAt" />
    <result column="updated_at" jdbcType="TIMESTAMP" property="updatedAt" />
    <result column="groupId" jdbcType="INTEGER" property="groupid" />
  </resultMap>
  <sql id="Base_Column_List">
    id, userId, created_at, updated_at, groupId
  </sql>
  <select id="selectByPrimaryKey" parameterType="java.lang.Integer" resultMap="BaseResultMap">
    select 
    <include refid="Base_Column_List" />
    from chat_usergroupchat
    where id = #{id,jdbcType=INTEGER}
  </select>
  <delete id="deleteByPrimaryKey" parameterType="java.lang.Integer">
    delete from chat_usergroupchat
    where id = #{id,jdbcType=INTEGER}
  </delete>
  <insert id="insert" parameterType="com.gjt.chat.entity.ChatUsergroupchat">
    <selectKey keyProperty="id" order="AFTER" resultType="java.lang.Integer">
      SELECT LAST_INSERT_ID()
    </selectKey>
    insert into chat_usergroupchat (userId, created_at, updated_at, 
      groupId)
    values (#{userid,jdbcType=VARCHAR}, #{createdAt,jdbcType=TIMESTAMP}, #{updatedAt,jdbcType=TIMESTAMP}, 
      #{groupid,jdbcType=INTEGER})
  </insert>
  <insert id="insertSelective" parameterType="com.gjt.chat.entity.ChatUsergroupchat">
    <selectKey keyProperty="id" order="AFTER" resultType="java.lang.Integer">
      SELECT LAST_INSERT_ID()
    </selectKey>
    insert into chat_usergroupchat
    <trim prefix="(" suffix=")" suffixOverrides=",">
      <if test="userid != null">
        userId,
      </if>
      <if test="createdAt != null">
        created_at,
      </if>
      <if test="updatedAt != null">
        updated_at,
      </if>
      <if test="groupid != null">
        groupId,
      </if>
    </trim>
    <trim prefix="values (" suffix=")" suffixOverrides=",">
      <if test="userid != null">
        #{userid,jdbcType=VARCHAR},
      </if>
      <if test="createdAt != null">
        #{createdAt,jdbcType=TIMESTAMP},
      </if>
      <if test="updatedAt != null">
        #{updatedAt,jdbcType=TIMESTAMP},
      </if>
      <if test="groupid != null">
        #{groupid,jdbcType=INTEGER},
      </if>
    </trim>
  </insert>
  <update id="updateByPrimaryKeySelective" parameterType="com.gjt.chat.entity.ChatUsergroupchat">
    update chat_usergroupchat
    <set>
      <if test="userid != null">
        userId = #{userid,jdbcType=VARCHAR},
      </if>
      <if test="createdAt != null">
        created_at = #{createdAt,jdbcType=TIMESTAMP},
      </if>
      <if test="updatedAt != null">
        updated_at = #{updatedAt,jdbcType=TIMESTAMP},
      </if>
      <if test="groupid != null">
        groupId = #{groupid,jdbcType=INTEGER},
      </if>
    </set>
    where id = #{id,jdbcType=INTEGER}
  </update>
  <update id="updateByPrimaryKey" parameterType="com.gjt.chat.entity.ChatUsergroupchat">
    update chat_usergroupchat
    set userId = #{userid,jdbcType=VARCHAR},
      created_at = #{createdAt,jdbcType=TIMESTAMP},
      updated_at = #{updatedAt,jdbcType=TIMESTAMP},
      groupId = #{groupid,jdbcType=INTEGER}
    where id = #{id,jdbcType=INTEGER}
  </update>
</mapper>