<?xml version="1.0" encoding="UTF-8" ?>
<!DOCTYPE mapper PUBLIC "-//mybatis.org//DTD Mapper 3.0//EN" "http://mybatis.org/dtd/mybatis-3-mapper.dtd" >
<mapper namespace="com.gjt.chat.dao.mapper.ChatFriendlistMapper" >
  <resultMap id="BaseResultMap" type="com.gjt.chat.entity.ChatFriendlist" >
    <id column="id" property="id" jdbcType="INTEGER" />
    <result column="friend_group" property="friendGroup" jdbcType="VARCHAR" />
    <result column="user_id" property="userId" jdbcType="INTEGER" />
    <result column="created_at" property="createdAt" jdbcType="TIMESTAMP" />
    <result column="updated_at" property="updatedAt" jdbcType="TIMESTAMP" />
  </resultMap>
  <sql id="Base_Column_List" >
    id, friend_group, user_id, created_at, updated_at
  </sql>
  <select id="selectByPrimaryKey" resultMap="BaseResultMap" parameterType="java.lang.Integer" >
    select 
    <include refid="Base_Column_List" />
    from chat_friendlist
    where id = #{id,jdbcType=INTEGER}
  </select>
  <delete id="deleteByPrimaryKey" parameterType="java.lang.Integer" >
    delete from chat_friendlist
    where id = #{id,jdbcType=INTEGER}
  </delete>
  <insert id="insert" parameterType="com.gjt.chat.entity.ChatFriendlist" >
    <selectKey resultType="java.lang.Integer" keyProperty="id" order="AFTER" >
      SELECT LAST_INSERT_ID()
    </selectKey>
    insert into chat_friendlist (friend_group, user_id, created_at, 
      updated_at)
    values (#{friendGroup,jdbcType=VARCHAR}, #{userId,jdbcType=INTEGER}, #{createdAt,jdbcType=TIMESTAMP}, 
      #{updatedAt,jdbcType=TIMESTAMP})
  </insert>
  <insert id="insertSelective" parameterType="com.gjt.chat.entity.ChatFriendlist" >
    <selectKey resultType="java.lang.Integer" keyProperty="id" order="AFTER" >
      SELECT LAST_INSERT_ID()
    </selectKey>
    insert into chat_friendlist
    <trim prefix="(" suffix=")" suffixOverrides="," >
      <if test="friendGroup != null" >
        friend_group,
      </if>
      <if test="userId != null" >
        user_id,
      </if>
      <if test="createdAt != null" >
        created_at,
      </if>
      <if test="updatedAt != null" >
        updated_at,
      </if>
    </trim>
    <trim prefix="values (" suffix=")" suffixOverrides="," >
      <if test="friendGroup != null" >
        #{friendGroup,jdbcType=VARCHAR},
      </if>
      <if test="userId != null" >
        #{userId,jdbcType=INTEGER},
      </if>
      <if test="createdAt != null" >
        #{createdAt,jdbcType=TIMESTAMP},
      </if>
      <if test="updatedAt != null" >
        #{updatedAt,jdbcType=TIMESTAMP},
      </if>
    </trim>
  </insert>
  <update id="updateByPrimaryKeySelective" parameterType="com.gjt.chat.entity.ChatFriendlist" >
    update chat_friendlist
    <set >
      <if test="friendGroup != null" >
        friend_group = #{friendGroup,jdbcType=VARCHAR},
      </if>
      <if test="userId != null" >
        user_id = #{userId,jdbcType=INTEGER},
      </if>
      <if test="createdAt != null" >
        created_at = #{createdAt,jdbcType=TIMESTAMP},
      </if>
      <if test="updatedAt != null" >
        updated_at = #{updatedAt,jdbcType=TIMESTAMP},
      </if>
    </set>
    where id = #{id,jdbcType=INTEGER}
  </update>
  <update id="updateByPrimaryKey" parameterType="com.gjt.chat.entity.ChatFriendlist" >
    update chat_friendlist
    set friend_group = #{friendGroup,jdbcType=VARCHAR},
      user_id = #{userId,jdbcType=INTEGER},
      created_at = #{createdAt,jdbcType=TIMESTAMP},
      updated_at = #{updatedAt,jdbcType=TIMESTAMP}
    where id = #{id,jdbcType=INTEGER}
  </update>
</mapper>