<?xml version="1.0" encoding="UTF-8"?>
<!DOCTYPE generatorConfiguration
  PUBLIC "-//mybatis.org//DTD MyBatis Generator Configuration 1.0//EN"
  "http://mybatis.org/dtd/mybatis-generator-config_1_0.dtd">
<generatorConfiguration>
	<classPathEntry
		location="D:\MyWorkSpace\repository\mysql\mysql-connector-java\5.1.38\mysql-connector-java-5.1.38.jar" />
	<context id="sysGenerator" targetRuntime="MyBatis3">
		<commentGenerator>
			<property name="javaFileEncoding" value="UTF-8" />
			<property name="suppressDate" value="true" />
			<!-- 是否去除自动生成的注释 true：是 ： false:否 -->
			<property name="suppressAllComments" value="true" />
		</commentGenerator>
		<jdbcConnection driverClass="com.mysql.jdbc.Driver"
			connectionURL="jdbc:mysql://localhost:3306/chat" userId="root"
			password="root">
		</jdbcConnection>

		<!-- 生成实体的位置 -->
		<javaModelGenerator targetPackage="com.gjt.chat.entity"
			targetProject="src/main/java">
			<property name="enableSubPackages" value="true" />
			<property name="trimStrings" value="true" />
		</javaModelGenerator>

		<!-- 生成XML文件的位置 -->
		<sqlMapGenerator targetPackage="mapper" targetProject="src/main/resources">
			<property name="enableSubPackages" value="true" />
		</sqlMapGenerator>

		<javaClientGenerator type="XMLMAPPER"
                             targetPackage="com.gjt.chat.dao.mapper" targetProject="src/main/java">
			<property name="enableSubPackages" value="true" />
		</javaClientGenerator>


        <table tableName="chat_groupmessage" domainObjectName="ChatGroupmessage"
               enableCountByExample="false" enableUpdateByExample="false"
               enableDeleteByExample="false" enableSelectByExample="false"
               selectByExampleQueryId="false">
            <generatedKey column="ID" sqlStatement="MYSQL" identity="true" />
        </table>
	</context>
</generatorConfiguration>
